{   
   "name": "lancer-weapon-fx",   
   "title": "Lancer Weapon FX",   
   "description": "Manual Weapon special effects oriented towards Lancer TTRPG.",   
   "author": "Z3nner",
   "version": "1.2",
   "minimumCoreVersion": "9",
   "compatibleCoreVersion": "9",
   "url": "https://github.com/Z3nner/lancer-weapon-fx",
   "manifest": "https://github.com/Z3nner/lancer-weapon-fx/releases/download/module/module.json",
   "download": "https://github.com/Z3nner/lancer-weapon-fx/releases/download/module/lancerweaponfx1-2.zip",
   "dependencies": [ { "name": "sequencer" }, { "name": "JB2A_DnD5e" }, { "name": "animated-spell-effects" }, { "name": "animated-spell-effects-cartoon" }, { "name": "tokenmagic" } ],
   "languages": [
		{ "lang": "en", "name": "English", "path": "lang/en.json" } ],
   "packs": [
    {
      "name": "WeaponFX",
      "label": "Lancer Weapon FX",
      "path": "packs/weaponfx.db",
      "entity": "Macro",
      "module": "lancer-weapon-fx"
    }
  ]
 }
